{
  "KRPC": {
    "documentation": "<doc>\n  <summary>\nMain kRPC service, used by clients to interact with basic server functionality.\n</summary>\n</doc>",
    "procedures": {
      "GetStatus": {
        "parameters": [],
        "return_type": {
          "code": "STATUS"
        },
        "documentation": "<doc>\n  <summary>\nReturns some information about the server, such as the version.\n</summary>\n</doc>"
      },
      "GetServices": {
        "parameters": [],
        "return_type": {
          "code": "SERVICES"
        },
        "documentation": "<doc>\n  <summary>\nReturns information on all services, procedures, classes, properties etc. provided by the server.\nCan be used by client libraries to automatically create functionality such as stubs.\n</summary>\n</doc>"
      },
      "AddStream": {
        "parameters": [
          {
            "name": "call",
            "type": {
              "code": "PROCEDURE_CALL"
            }
          }
        ],
        "return_type": {
          "code": "STREAM"
        },
        "documentation": "<doc>\n  <summary>\nAdd a streaming request and return its identifier.\n</summary>\n</doc>"
      },
      "RemoveStream": {
        "parameters": [
          {
            "name": "id",
            "type": {
              "code": "UINT64"
            }
          }
        ],
        "documentation": "<doc>\n  <summary>\nRemove a streaming request.\n</summary>\n</doc>"
      },
      "get_Clients": {
        "parameters": [],
        "return_type": {
          "code": "LIST",
          "types": [
            {
              "code": "TUPLE",
              "types": [
                {
                  "code": "BYTES"
                },
                {
                  "code": "STRING"
                },
                {
                  "code": "STRING"
                }
              ]
            }
          ]
        },
        "documentation": "<doc>\n  <summary>\nA list of RPC clients that are currently connected to the server.\nEach entry in the list is a clients identifier, name and address.\n</summary>\n</doc>"
      },
      "get_CurrentGameScene": {
        "parameters": [],
        "return_type": {
          "code": "ENUMERATION",
          "service": "KRPC",
          "name": "GameScene"
        },
        "documentation": "<doc>\n  <summary>\nGet the current game scene.\n</summary>\n</doc>"
      }
    },
    "classes": {},
    "enumerations": {
      "GameScene": {
        "documentation": "<doc>\n  <summary>\nThe game scene. See <see cref=\"M:KRPC.CurrentGameScene\" />.\n</summary>\n</doc>",
        "values": [
          {
            "name": "SpaceCenter",
            "value": 0,
            "documentation": "<doc>\n  <summary>\nThe game scene showing the Kerbal Space Center buildings.\n</summary>\n</doc>"
          },
          {
            "name": "Flight",
            "value": 1,
            "documentation": "<doc>\n  <summary>\nThe game scene showing a vessel in flight (or on the launchpad/runway).\n</summary>\n</doc>"
          },
          {
            "name": "TrackingStation",
            "value": 2,
            "documentation": "<doc>\n  <summary>\nThe tracking station.\n</summary>\n</doc>"
          },
          {
            "name": "EditorVAB",
            "value": 3,
            "documentation": "<doc>\n  <summary>\nThe Vehicle Assembly Building.\n</summary>\n</doc>"
          },
          {
            "name": "EditorSPH",
            "value": 4,
            "documentation": "<doc>\n  <summary>\nThe Space Plane Hangar.\n</summary>\n</doc>"
          }
        ]
      }
    }
  }
}